id,email,username,password
1,catchly0@pen.io,etrasler0,3YhiLO
2,mnendick1@about.me,oboc1,gYwynRPMr4
3,scasperri2@hhs.gov,pdomenicone2,gZUVOdNwQ
4,dfalkingham3@theatlantic.com,gpaschek3,er4Rgx4Uvu
5,hdeppen4@deliciousdays.com,rgrassot4,m7lpmc
6,lcicchinelli5@drupal.org,mpegden5,jiJLY45qvmg
7,kcicci6@stumbleupon.com,dpagon6,Fk52L9K
8,cseaward7@sakura.ne.jp,mroseman7,fQKFLlpP
9,jginley8@dailymail.co.uk,mdjekovic8,0WT85ky
10,chambelton9@nhs.uk,afronsek9,9TYJxGsBAf1O
11,scorkhilla@auda.org.au,jtolera,GZRydJ
12,bquinceyb@arizona.edu,jgomersallb,GIy2UgokIj0
13,sthomazinc@virginia.edu,dfritterc,GwFHk7
14,fbrined@wisc.edu,ltrinemand,2wwvAgFhv
15,kwilloughbye@comsenz.com,mclause,RYAmGeKg6
16,tkinsettf@altervista.org,pmeagherf,dxdYuZN9LdhZ
17,npoytressg@google.fr,fgoldeng,kvqgLPu7ynil
18,gstapeleh@mit.edu,pgillmorh,ki5q7J
19,kszachi@weebly.com,ttaillardi,RPQVnDz
20,sbethoj@aol.com,gpulsterj,JUn7ciNE
21,lkrzyzowskik@sina.com.cn,jhoundsomk,O0RUnCqHn
22,dleetl@jalbum.net,afigginsl,s6ayb0p6ElHk
23,lpleym@last.fm,ckunesm,P1jm0Q0oh
24,dbeeversn@linkedin.com,aspicern,6zYvU5
25,ebellio@twitpic.com,kchallinero,sSWgNaHeqj6v
26,bclemenconp@php.net,bfrancombep,wegd09
27,pmcgeeverq@aol.com,jtregiddoq,vhGT21RyMkMH
28,rsodar@soup.io,cmingottir,Ba8Ardj
29,ndeamers@dion.ne.jp,hchestermans,dpxDgSP7
30,selflaint@hc360.com,tmangeont,qdMY29l
31,lboaku@free.fr,nduggonu,3iigE3f8qaYV
32,vbowlev@acquirethisname.com,abockmasterv,1y1KwjRVbx
33,mdyballw@clickbank.net,sleavensw,fROVFB
34,dmcgarrahanx@barnesandnoble.com,sdunnicox,rJt3EnWhU9
35,ateliginy@about.com,lkatzy,86L5N5E9MZP
36,hhattoez@yolasite.com,tpetkenz,1036Jkn
37,egebuhr10@auda.org.au,kgabbett10,P9QGxB
38,jpadley11@studiopress.com,dewles11,K0zXogM
39,ddietz12@tinypic.com,nfirle12,ULi0cNSp
40,weglese13@theatlantic.com,lthay13,0OA4VDvI
41,anorvill14@gov.uk,acase14,mpPflHpOmcee
42,cdupoy15@ask.com,mhanigan15,aiyCdrKCX9t
43,vealles16@bizjournals.com,cmuffen16,477ODXO
44,llarciere17@earthlink.net,brupprecht17,tHhNHRJ
45,dpavese18@disqus.com,cpoynton18,utR19Yoq8PIx
46,afehners19@flickr.com,fnatt19,T9djGkU
47,ogiraudy1a@odnoklassniki.ru,vpottage1a,wx3z0LG
48,fciotti1b@msn.com,echarte1b,snPxFBy
49,dughelli1c@usatoday.com,lfulun1c,ydLuGv
50,mkondratowicz1d@istockphoto.com,mduckerin1d,CCDb6M
51,cguesford1e@mozilla.com,kcadell1e,2rFJodDQRg
52,dscholig1f@baidu.com,hchatenier1f,Xkjbphpx8
53,dianizzi1g@moonfruit.com,rbattany1g,npOHHH2dhjd
54,smulberry1h@prweb.com,rgolsworthy1h,lDG0ns
55,hstrothers1i@go.com,cleppingwell1i,mr0LG7g
56,svauls1j@walmart.com,czoellner1j,nArR6COqW4K
57,pnulty1k@etsy.com,mforsard1k,2982zexbcwJ
58,khenriques1l@pinterest.com,gradborne1l,HqTSA8s
59,pstanion1m@tripod.com,rirnys1m,dB7KZMtl
60,fcrampton1n@symantec.com,fsellick1n,KbEUbFelC
61,merswell1o@mayoclinic.com,kgoodredge1o,V30jUDkRT
62,lmival1p@disqus.com,lbiggerstaff1p,9mepfsaQiT
63,dlynas1q@usatoday.com,agrima1q,Yk37bHwpoD
64,efattori1r@cargocollective.com,sagneau1r,LfiKs5t
65,nloan1s@dot.gov,wbarter1s,zmfvZXmzogmY
66,kfranzschoninger1t@miibeian.gov.cn,kalpe1t,dT2wASa
67,dbains1u@mozilla.com,gleipold1u,gkzBvnbI
68,bdudny1v@aboutads.info,jodby1v,7ff4NQfY
69,lglinde1w@dropbox.com,bbambery1w,KVtoOYd8L
70,ploxston1x@topsy.com,ihaquin1x,IBArX1zrei
71,rcammomile1y@qq.com,lstandbrook1y,kVB7ELCAp2a
72,abyron1z@blogspot.com,bwhistance1z,FHBEe4Ur
73,luttridge20@eventbrite.com,dcopnar20,UbyIHoifY
74,crevill21@home.pl,bblackhurst21,lEjevY1NzK
75,plawly22@mozilla.com,amolfino22,rGFrbVJK
76,zhagland23@topsy.com,lwintringham23,bT2KqDfRa
77,zpappin24@usa.gov,bslyne24,7MIT2oj
78,jlesaunier25@ft.com,fbeminster25,T0nt8ORjyM
79,hpusey26@infoseek.co.jp,kcardo26,Qf5Kf9S
80,drey27@bravesites.com,gaylett27,svPfNhXqh
81,zechalier28@mozilla.org,stitterington28,lC1hNa
82,tlearoyde29@stumbleupon.com,berrichi29,GTL0VSdQpSj
83,mmcguigan2a@freewebs.com,iyegorshin2a,k4emn64D
84,srupel2b@amazon.co.uk,mrorke2b,k67UpDYT
85,dyeowell2c@netvibes.com,bliebrecht2c,e2OHWzH28J
86,ttrembey2d@etsy.com,kcallum2d,2WyMN0VR9
87,freubens2e@statcounter.com,cfenich2e,lDmTQG98
88,pbarkes2f@skyrock.com,ncraydon2f,euhPJxbS
89,sgilfoyle2g@stanford.edu,jrzehor2g,Fw3sLfLdL
90,mverralls2h@yahoo.co.jp,sotley2h,19LSCeaWD
91,dolczyk2i@i2i.jp,smeeland2i,ng1N6Z
92,lwolstencroft2j@de.vu,fdamiata2j,ci5yUFutL
93,pvenn2k@ibm.com,bspurden2k,7E4rncBWaYs8
94,mdukes2l@usnews.com,ohoutbie2l,cqd90X
95,ejoiner2m@behance.net,kbocken2m,caH7gu8UPKlc
96,pbrittlebank2n@wiley.com,tstych2n,FVRsZfp5iTuc
97,bdust2o@imgur.com,emcgarvey2o,QAAs8wd
98,rfisbey2p@nyu.edu,telphick2p,QNpWDulVu6
99,tgrant2q@liveinternet.ru,fwhiteland2q,OUSjZKARhI
100,falbrighton2r@pcworld.com,jvallance2r,gGwb7qgVf
101,mgrigori2s@drupal.org,cbasill2s,tdL3C6f0T
102,wmincini2t@squarespace.com,hclamp2t,pbaE2TMm
103,tdirr2u@uiuc.edu,vboud2u,EV5B95
104,joakenfall2v@spotify.com,mfroud2v,5wBzGzhHlb
105,ldominici2w@mysql.com,srolfs2w,PbFcWa
106,sheine2x@plala.or.jp,nmorey2x,DVzJOMX
107,gbetchley2y@rakuten.co.jp,hlofthouse2y,drOrPOg
108,handrieux2z@seattletimes.com,gweald2z,eZaTYW
109,cpetrushanko30@google.com,esummons30,Wm3h8DaHV99
110,tcosh31@w3.org,cmitro31,RwMV4TmgRq
111,jcordie32@nba.com,acaldecourt32,UaIiAhQeg5
112,wgrieveson33@about.me,tcliburn33,fgfIFHF
113,screak34@163.com,dkeningham34,L17EWqnFfR
114,avolcker35@google.com.au,hmegarrell35,wcozPpD
115,cbidgood36@bloglovin.com,kholdin36,mPB1cmZxq0
116,clansdale37@craigslist.org,htarpey37,YyahJTOg
117,mgrabeham38@feedburner.com,scroall38,FONbfIHCtM4a
118,reteen39@patch.com,afeilden39,6xdYq8N
119,rosbaldeston3a@bbb.org,cwatkinson3a,q2sPRr
120,itrigg3b@rediff.com,cbuzine3b,VsiFq7F7
121,zstretton3c@pbs.org,kfriedlos3c,ipy80samCZ
122,tbartoszek3d@pen.io,eortas3d,Sd3afPoXjAyp
123,dmacgillivray3e@dedecms.com,tnussey3e,nPtrSA
124,edorey3f@prlog.org,mskellon3f,XHZ0L0
125,kdedantesie3g@dmoz.org,gportress3g,NjQrMLl9X
126,tgreenrod3h@businesswire.com,bjanca3h,D4lP29y1V
127,treynoollds3i@nature.com,pshew3i,ZVzPcqykfO
128,btoolan3j@skyrock.com,tlinnell3j,TlA7tRT
129,gslisby3k@google.pl,jbrusle3k,j1dvbVMf
130,bfirth3l@gov.uk,bdax3l,rZlnzk
131,vbierton3m@webs.com,broels3m,tX4u1fhB6lYN
132,gmactrusty3n@nsw.gov.au,trennox3n,NE0B05GO
133,ksmiz3o@123-reg.co.uk,gwindrus3o,tLqEsEjJhuZ
134,fpaddison3p@yahoo.com,kmactrusty3p,4ilxo9Zz
135,rkempshall3q@artisteer.com,bdanilovich3q,anvwc2VLsi
136,dlanghor3r@tumblr.com,zhagard3r,FOmDNyT
137,rmcowan3s@icio.us,tguiducci3s,N3xJaGb4SSH
138,bpindar3t@biblegateway.com,cambrozewicz3t,g7A6gkZ
139,tkem3u@yahoo.co.jp,npotteril3u,3ug0JgT
140,rlayman3v@elegantthemes.com,cwyson3v,407MrVw1o
141,mjee3w@tmall.com,ccarsberg3w,MdWN1t
142,zmacbeth3x@artisteer.com,ecoverdale3x,7TdWnY3uOHZ
143,asomner3y@newsvine.com,stitterell3y,u0E3nWBASGO
144,oventom3z@ehow.com,lpietsma3z,kh5jqcy1iqv
145,cdelafont40@last.fm,grickardsson40,QJGcbhdh
146,hreuss41@tamu.edu,strundle41,A0I4lWqbOwhh
147,gkrolak42@mayoclinic.com,wcazalet42,R6eCAfFjvb3f
148,nkerford43@wsj.com,clis43,euRk33
149,jgery44@sitemeter.com,rberge44,Hs1gG5
150,wgiorgiutti45@scientificamerican.com,afranzolini45,CGEFHzYEQ
151,radamsky46@businesswire.com,sgrant46,jyLO04qtA
152,cwiffen47@prnewswire.com,rhakonsen47,C1U1zimO3
153,mcleyburn48@latimes.com,jgarfit48,uV9aHK
154,adonoher49@gravatar.com,rdenman49,1Y9s2zG
155,hoheagertie4a@twitter.com,jsutterby4a,7sy1P9H
156,bfashion4b@arstechnica.com,mfirminger4b,NTkpIC4GvAyg
157,jaronowicz4c@google.com.hk,mlewsam4c,WgzKbZ
158,mpridie4d@w3.org,rconeron4d,RWldq6x297EW
159,bdoudney4e@go.com,jyannikov4e,1krbMhukIF
160,dhowarth4f@list-manage.com,ejansik4f,PBxumK3sIPfH
161,mlockton4g@lulu.com,ubloyes4g,PyXweL
162,jtallman4h@ning.com,clehuquet4h,O5ue68KhJ9Xz
163,cpirot4i@scribd.com,nronaghan4i,44eBmg
164,fmalacrida4j@joomla.org,rweadick4j,nAsgz1xt
165,ddomingues4k@yale.edu,sheppenspall4k,iHJN3K
166,nwedgwood4l@deliciousdays.com,ephilson4l,PzoiVcZyjPSv
167,aogiany4m@dion.ne.jp,tcarrabott4m,XFyqNtwro0
168,jgrigoletti4n@hostgator.com,aathowe4n,txEUOgGHz
169,cattac4o@networksolutions.com,tgerrey4o,uRJic7Mc
170,ahubbis4p@google.fr,urambaut4p,6PbU52
171,nhurle4q@vkontakte.ru,vallwright4q,NapBMUV
172,eguichard4r@epa.gov,ddenison4r,0SeDjkbpgs
173,risenor4s@about.me,astatefield4s,9oeuQilgaWOz
174,bbethell4t@ow.ly,bsparway4t,sER5PmfS7u1
175,rduplantier4u@usa.gov,mlamps4u,PsRIQ2Na
176,blonglands4v@xinhuanet.com,sbaudinet4v,sFq0hhpqMG6
177,awilde4w@constantcontact.com,ldik4w,JCVfq9c8
178,siacobacci4x@cloudflare.com,jsneaker4x,qhdYbhtv
179,vkeele4y@army.mil,fmcginlay4y,TobM0m4zcpQr
180,wdedomenici4z@nba.com,fseally4z,sK0jcY
181,traff50@dot.gov,ewharfe50,xdIRZz
182,patwood51@bravesites.com,zdaunay51,aYMH1xP8ZC
183,eclace52@geocities.jp,sroubeix52,hAaYFUZCG7pC
184,bcaldecutt53@yellowpages.com,rpratten53,lU947NAc
185,jmeasen54@soundcloud.com,ttexton54,wqT4vXyD
186,pcuffe55@usa.gov,vcogan55,MXf7I2pa3Qv
187,cchoake56@elegantthemes.com,pschirak56,ZqvrEaw4xw5D
188,csharpling57@alibaba.com,sjobbing57,iZ2lGCaoHyB
189,jwoodburne58@rediff.com,everbeek58,Ry7ggJ
190,apencot59@goo.gl,mamsberger59,dZ0MaO
191,mmarmon5a@unesco.org,lstevings5a,BpnKYSfThb
192,kpicardo5b@naver.com,dpietzker5b,9zEPzrNz
193,dchevis5c@netscape.com,ppetkov5c,2lnSp9r0
194,dbrindley5d@latimes.com,dhans5d,pxWTSdRsl
195,emcrobbie5e@jigsy.com,amcshirrie5e,YmeJW1
196,tslorance5f@elegantthemes.com,fducker5f,O6Bz9CbcP1lT
197,galvarez5g@sciencedirect.com,rriteley5g,GUuw0zFIj
198,obrient5h@wix.com,moheyne5h,js6L5A
199,kmarjoram5i@tuttocitta.it,jlansley5i,JB31l37Ju5
200,hduckit5j@upenn.edu,bblewmen5j,1QWQo8MnI
201,rbreakwell5k@mashable.com,jbroseke5k,5AVUqBfclae7
202,dchaffen5l@usa.gov,kmobberley5l,EZPjh0FCT
203,amcgooch5m@ed.gov,ehawkridge5m,6M522bJOOE6
204,rmizzen5n@theglobeandmail.com,estaintonskinn5n,x2Jin3ubQX8
205,zcresar5o@nbcnews.com,lfiller5o,wkfNlXhyF
206,lbeggin5p@craigslist.org,ctrevains5p,UemM0HREZzPA
207,hmiguel5q@statcounter.com,zhavard5q,NfyDLiEGl
208,bdrewclifton5r@wikispaces.com,pgadesby5r,Zjojxoh1BO
209,jnelm5s@arizona.edu,pclewley5s,tQ5iJFuGd40
210,nmcdavitt5t@shutterfly.com,jgerman5t,aF1y9yOasjs
211,cekkel5u@yolasite.com,lblackman5u,3AdmMHp7dD3
212,lwalsh5v@163.com,akendle5v,gAD2Rac
213,pmcbratney5w@adobe.com,cperry5w,axGV9EiJPaA
214,klabbett5x@g.co,jfoulser5x,5easAzlIEwX6
215,adeblasiis5y@sciencedaily.com,lhartwell5y,Lj0ITG
216,tblankman5z@kickstarter.com,arochester5z,oCHSzSO
217,pbadby60@soup.io,pdyzart60,Ye8fAdLu9
218,cellerington61@a8.net,mmcgirr61,HiJxkG5WOu
219,llangton62@cnbc.com,misenor62,qPPWvbG
220,adavidi63@blogspot.com,econyers63,u7p6lu4eJp
221,acowherd64@typepad.com,dfollows64,BtTzrtM
222,alamba65@hao123.com,tpashan65,bvMq2UCLY
223,kmacclinton66@uol.com.br,pcorzor66,rETvh93Y
224,pbrinsden67@pinterest.com,ckedslie67,Tg4IovPG
225,godam68@samsung.com,rhuerta68,ULaxDWff
226,kvowles69@ow.ly,tissitt69,8577bpYXG
227,sgeertje6a@theguardian.com,khendrichs6a,dIhAvu6c
228,pbampkin6b@hostgator.com,mblaksley6b,E9T73JRevZ
229,egoodlad6c@tamu.edu,dboycott6c,tThtwus2sPu
230,rbog6d@mit.edu,vdomotor6d,4FL8YfK2jg1w
231,mstalley6e@mashable.com,dvalsler6e,pblPYGm
232,dfootitt6f@go.com,blardier6f,cUhRYpcpUm
233,nitschakov6g@eepurl.com,omccerery6g,Vd9CLiFtJCl
234,ltemperton6h@facebook.com,ttakos6h,XhdxXqmyeWt
235,dpietrzyk6i@themeforest.net,plantiffe6i,yXwWlUjTvBs
236,ehebburn6j@ocn.ne.jp,plorrain6j,QLuWW3LfE5
237,ymerring6k@vimeo.com,ckingzet6k,jL9BF0u
238,gkeaton6l@mashable.com,crehm6l,I1LzYvXWR
239,cspataro6m@seesaa.net,bcowoppe6m,JpVspVcw
240,tmulheron6n@plala.or.jp,bmenier6n,SJCgTM
241,oheskins6o@nationalgeographic.com,rsmithyman6o,nTikO0CQU2
242,agawler6p@icio.us,pkoeppke6p,6ybmezwR
243,vborley6q@squarespace.com,tcluely6q,xW1sWeWj
244,kabrahmer6r@t-online.de,enormavill6r,5yiHLq
245,lcrump6s@slashdot.org,vgeraudy6s,UZXibDA1pY
246,omackeller6t@phoca.cz,crobelow6t,yEcLp118kK
247,mdingate6u@mapy.cz,pconfait6u,U4GjBsHC
248,cruseworth6v@europa.eu,ododdemeade6v,ZkwRQnOVg
249,aballentime6w@com.com,nmulles6w,0KvOtm1ThjHe
250,mthews6x@uiuc.edu,dpolland6x,6Xj3t1IdUMX1
251,sheephy6y@nbcnews.com,vproback6y,XSs7yIt6
252,mwinwood6z@etsy.com,dcoleshill6z,A9qIs8QN8e4s
253,rhuckfield70@joomla.org,adubbin70,AoUm7ohu1bs
254,rtristram71@usda.gov,lpressdee71,I0KOjUsJ
255,mbang72@amazon.de,hbushrod72,INLiHSN
256,rmitford73@abc.net.au,hfeehily73,0cd9Re1h
257,zeirwin74@twitter.com,apolak74,Vrl3DqP
258,boldman75@uiuc.edu,psouter75,Is4pF8EXYC
259,dreimer76@opensource.org,tugo76,RkfVGJ0
260,mdrysdale77@about.com,gwinterbottom77,kNeZOH
261,tocurrine78@cbslocal.com,dwalford78,FOg1aGU2qM
262,agirodier79@hexun.com,gwilding79,aFAXuUg4N
263,dnother7a@gizmodo.com,ddive7a,BcBaAbj
264,nkiljan7b@hibu.com,rmacard7b,Lk8pdJ
265,dcasol7c@g.co,oscrivens7c,LsEubpLawNi
266,jaicken7d@twitpic.com,cstraine7d,WMhwCX
267,dfosberry7e@multiply.com,jorrell7e,NSQI1Kw
268,dkelle7f@nbcnews.com,sfeaks7f,6sJEuf
269,gducker7g@indiatimes.com,mlenthall7g,eGh9cq0z7
270,gchurchard7h@huffingtonpost.com,cmazzia7h,nfOoFLf
271,jcrees7i@google.nl,rhollow7i,Te2Fk6oLcQS
272,hsprakes7j@go.com,mwoolsey7j,IquGx7mVYp4
273,mweed7k@buzzfeed.com,alegat7k,JKxUwymH
274,mobern7l@sitemeter.com,vkeddle7l,MvZKE7EVj
275,gtambling7m@furl.net,sfilyashin7m,kQrINEqrHgl2
276,cmularkey7n@kickstarter.com,bbarrat7n,TQzXv1JZwu
277,jdursley7o@webeden.co.uk,amurty7o,h47IrLo9el7
278,mrexworthy7p@state.gov,icowndley7p,CNswPTKd
279,wgovey7q@mozilla.org,rbruck7q,QioNySZ7GXce
280,cwhewell7r@reddit.com,iwallenger7r,H7hK5Ce
281,alester7s@yellowpages.com,jhucks7s,sdmJOJzAf
282,pblase7t@ameblo.jp,lsprouls7t,blBr7WcBd
283,gsaer7u@goo.ne.jp,chardie7u,5SnG0J
284,jvasenin7v@dailymotion.com,doreagan7v,XZZLf65CWUor
285,gmaffulli7w@geocities.com,breuther7w,rAC20rQnm0
286,rduckering7x@apple.com,dcescoti7x,AgaaksnX
287,omunslow7y@surveymonkey.com,mdelhay7y,GH1HkbEd
288,kalps7z@patch.com,jdunbabin7z,9phtDoYQlOxH
289,ncecil80@4shared.com,skeford80,sMTGM2
290,melderfield81@surveymonkey.com,dprydie81,hsXnWT
291,bcosslett82@shinystat.com,oeasen82,Yz5daQnJo55
292,troelofsen83@edublogs.org,lfynan83,J0pWB389
293,zyaus84@prlog.org,vdecarlo84,ezfqyKPrwmrM
294,dgullam85@un.org,bharsnep85,MN9I27
295,anormington86@sbwire.com,ielsy86,lWcbJlRfR9
296,rclancey87@bluehost.com,dforrestor87,rGp1aKh5YU
297,bdivina88@gnu.org,mhempshall88,I1FQIyvpmHs
298,wduck89@cpanel.net,bjessett89,sshB9JL6cr7q
299,bchard8a@bing.com,sgilardengo8a,qURKOMTFW
300,gkinavan8b@newyorker.com,pspilsted8b,vM6VrRz5m
301,zgilchrest8c@noaa.gov,tglenfield8c,mq9Ngm75erDV
302,bbonds8d@networksolutions.com,mjenton8d,VakXq5tKyk
303,cjoddins8e@nyu.edu,nesland8e,G8YsVANTgZa
304,btrangmar8f@adobe.com,wlimbourne8f,5qreIFPT4
305,sjendas8g@mapquest.com,kjeffcoat8g,Z0KYZOb
306,hpitcher8h@abc.net.au,kmccraine8h,5CmsXBNa
307,bpiscot8i@youtube.com,hsalzberger8i,6lkmtc
308,jbarnham8j@wisc.edu,ytumilty8j,qSFcSf
309,lbackshall8k@gnu.org,bkuhne8k,YkCZM2nTQ3l5
310,lbrotherick8l@example.com,cleavesley8l,AKAPq4JNtl
311,pbeer8m@epa.gov,wskelton8m,UlEFodfpf27
312,epearcey8n@hibu.com,nhenzley8n,CmIXrSFE
313,sjaslem8o@gravatar.com,cschohier8o,s2xpZqmNN5Tl
314,tkeeton8p@vinaora.com,dstuckford8p,CwOoluxs5z
315,fweald8q@china.com.cn,ugeffcock8q,jB5FLwinO0
316,mbrowett8r@arstechnica.com,zbunker8r,5g4wBWwfC62B
317,swybron8s@accuweather.com,psandle8s,UIvWsPxyqT
318,ijolliman8t@livejournal.com,scoulston8t,2MvXMSUlfQ
319,carchibald8u@taobao.com,khancock8u,j4SQssDIXd
320,npepler8v@drupal.org,kdrayson8v,jTp9boLEvrs
321,inisuis8w@nationalgeographic.com,vallworthy8w,svdX3GmQ1iQ
322,bclynman8x@hatena.ne.jp,dambler8x,sB23zQaLPvXS
323,ldurno8y@mtv.com,cdwire8y,6YG7rs2tx3Sh
324,evanderkruijs8z@phpbb.com,nbritee8z,Gyevn4RzVmVe
325,kferschke90@twitpic.com,jmullane90,3aj1ZZMBS
326,cfullbrook91@macromedia.com,rdaulton91,GGYttbk
327,ebonnet92@123-reg.co.uk,araw92,ZloRwVl
328,cmcaloren93@virginia.edu,tbernhard93,CfrKoIOhC9
329,pcolbourne94@instagram.com,nkembery94,D0U0o3n4LlL
330,dswepson95@nytimes.com,ooverel95,tdjN8tEKW
331,veykelhof96@behance.net,epayle96,2PV5elevf
332,bkelmere97@home.pl,ehalbeard97,byFSb3reQR
333,ayakubovics98@comcast.net,cpetersen98,oXcZPMIrzH
334,tmartlew99@cam.ac.uk,shaston99,0sqOQ7M3
335,bchastand9a@kickstarter.com,aschachter9a,3fhNAE
336,jmontague9b@yahoo.co.jp,fdouthwaite9b,GCCgWMnXY2
337,pkilban9c@theglobeandmail.com,cnoir9c,xF2PyVQzn
338,rwalsh9d@cnet.com,cmudd9d,U59oc6KdBDGq
339,tolyhane9e@google.ru,dgullivan9e,mBbmEVQXW1
340,sdreini9f@clickbank.net,nwilsher9f,ZXCU45i2
341,rfawloe9g@imgur.com,cfido9g,FLpunDmk
342,aspurrior9h@alibaba.com,svasyukov9h,6bXAGe5a
343,jroseborough9i@ycombinator.com,sdablin9i,Re8qTcn2rVmd
344,mgomm9j@spotify.com,gscholcroft9j,Zl5UJ5kUMVb
345,yraccio9k@fda.gov,wcarlson9k,YlNXeTkm84v
346,claurentino9l@go.com,rdowns9l,8q1UOg
347,tomrod9m@disqus.com,tbohlmann9m,5eZ3MGQET
348,wleinweber9n@pcworld.com,radderley9n,fs7OPv
349,jpearne9o@lycos.com,lmacpike9o,frJAsf
350,tbedinham9p@hostgator.com,tdederich9p,jHxITFjNUe0
351,msighard9q@privacy.gov.au,amacgibbon9q,dMntieKjHi
352,dbrowncey9r@tuttocitta.it,dnevins9r,BIRi7dwpK
353,mcovill9s@tumblr.com,holpin9s,mqVdiMzISE
354,mbrickham9t@utexas.edu,acahalin9t,vloUmRg
355,sglascott9u@phoca.cz,ericket9u,Tpbl98MAT3
356,ggodard9v@pbs.org,eharhoff9v,kBSLAU
357,adrayton9w@jugem.jp,jburchett9w,1IHtKUnz
358,ffilipyev9x@google.de,plexa9x,D9TqDv3xhPQP
359,klotherington9y@virginia.edu,tterlinden9y,3NA4eEMwy
360,dshieber9z@com.com,aashbee9z,IeMxR7nHqx
361,tweipperta0@nature.com,rthowa0,V2fjICxsWMKy
362,dhaackera1@samsung.com,obrenta1,keBnBv7
363,kdefreitasa2@google.com.au,vmaciana2,Aq8DIzQ3F
364,aquana3@chicagotribune.com,frabata3,wibRY8qxMdu
365,eroza4@studiopress.com,oanfreya4,yOGJLTKi8kP
366,hbiestya5@diigo.com,jskuddera5,Jp65AMG
367,bmcgivenaa6@army.mil,lshillingtona6,7Z43OL3ODJkN
368,jraccioa7@skyrock.com,bvanlinta7,jpWXvud4tFfh
369,acotgrovea8@sourceforge.net,sbuncea8,84OYD7fI8Kzx
370,bbaila9@seesaa.net,hglassona9,FQA0Ch6qG6zt
371,kivakinaa@webnode.com,csewardaa,0WF7EoatiZt
372,mfeltenab@gov.uk,mkennellyab,VqkJOzQ0e
373,smcharryac@barnesandnoble.com,lkinmondac,u2BMzpA973
374,hmccamishad@rakuten.co.jp,kanwylad,LMY78kYGqQKa
375,aleggatae@drupal.org,jbertenshawae,n2YUOeJ
376,jfredeaf@unicef.org,plevinaf,VmwzUR
377,dgoodlakeag@intel.com,nquiltyag,hjO28S2PpCxw
378,hclewleyah@sogou.com,gesmondeah,rgDlVaIfxx
379,cbalfreai@youtu.be,mpirozziai,NE3Pjb5r
380,gshearmeaj@skyrock.com,vbambroughaj,dkZZOUyWwp
381,aklesseak@dropbox.com,ispeddinak,LKPTmg7BG6dp
382,cianneal@ezinearticles.com,phillal,2usEjfLL0Y
383,nnassauam@usatoday.com,htassellam,5XmuRRUQc
384,kforsdykean@etsy.com,gfarleyan,zEb7Ptkwd
385,bbecerraao@auda.org.au,glaughrenao,urfNDC
386,ldufrayap@dedecms.com,gaspallap,6b0NHincy
387,lbettsaq@wiley.com,kspreullaq,Sj7UW0tfs
388,ltindleyar@fema.gov,rocarranar,wHjxOk9DVX6K
389,celementas@spotify.com,mwitteyas,y9aMIK0Cf
390,pwaylenat@archive.org,omildenhallat,S3oCHl
391,zgarleeau@noaa.gov,acliffordau,SdPdlqpHVNE6
392,ldunkleeav@newsvine.com,traggeav,xjLE4tdyP2
393,pfloryaw@ezinearticles.com,rglasspoolaw,lWOWF4mYe
394,rfewax@jigsy.com,jsmoothax,JF0NNC2fSn9b
395,bsuppleay@shutterfly.com,hwimsay,gnsD2sGTa
396,jchastaingaz@fastcompany.com,sekinsaz,9YeK7s32dDy
397,lpiatekb0@clickbank.net,ahampsonb0,5MlGj0KeSmq1
398,oleitchb1@weibo.com,ifrancaisb1,Gr9AA1c
399,lmarsayb2@kickstarter.com,rcurnockb2,uAD5MDw
400,amichalb3@boston.com,imagerb3,7pid30KhGj0w
401,mtolefreeb4@reddit.com,dwerritb4,TI3BfTZe1II
402,dmacdirmidb5@microsoft.com,bcurtoysb5,MCRTpSKEjCg
403,ajaggib6@hp.com,lklimtb6,KdjaNR2
404,ideperob7@tmall.com,afalconbridgeb7,2PS8qhzPyjrP
405,jgunb8@discuz.net,lbaldoccib8,z2ffggV04c6
406,cdarrellb9@networkadvertising.org,tolmanb9,re8nB7UBHp6e
407,gcuardallba@blinklist.com,sklimkovba,megSnvFtFL4
408,vjandelbb@xinhuanet.com,glepickbb,Z2Da5MYpG
409,aritsonbc@linkedin.com,sstadingbc,ikAyM4v
410,ablasiakbd@purevolume.com,sbernardeschibd,6IeEA3
411,vtummasuttibe@cmu.edu,nbourgeoisbe,3BsD6p
412,jschinettibf@seattletimes.com,adollbf,pqFAAzV01C
413,rdenisckebg@usgs.gov,rmatterisbg,QFznKp
414,rshawyersbh@yahoo.com,lrodwellbh,W1H6PRPzAY
415,adymickbi@state.tx.us,wdymottbi,YjRZ8tNsD5K1
416,lbertomeubj@dyndns.org,szanrebj,KnU6w6BYd
417,eciccibk@arstechnica.com,cmcleodbk,JruFkQ92tv
418,mjewittbl@redcross.org,hmcgeneaybl,XbT7pCA3h8N
419,kpotkinsbm@soundcloud.com,xhastebm,SLOArnRd
420,imoseybn@github.com,jmcorkilbn,yPp7Ih0
421,thumphrisbo@pagesperso-orange.fr,mklicherbo,a8x1P7k
422,kcecelybp@ucoz.com,fkneelandbp,4MlFAfnpA
423,cgladwinbq@mozilla.com,ceastbq,3M8oYLbPdy2
424,cdebischofbr@dmoz.org,phargrovebr,hxLKk6sea
425,jphettebs@tuttocitta.it,mdeandisiebs,48fuT8
426,csuggbt@ebay.com,dfauningbt,OOuewKE8
427,estillebu@latimes.com,thardybu,Rhw5GsNcT57
428,eveelerbv@imageshack.us,jpattesallbv,NxO2Gr
429,vandrzejczakbw@nyu.edu,degiloffbw,9iiY4iKJGl
430,fizzettbx@patch.com,ablenkensopbx,gFSGRGD34LiJ
431,mbearsmoreby@blinklist.com,tdmytrykby,UnZcBKmS8LE
432,rsnoxellbz@soundcloud.com,ipeskettbz,iqbx0E
433,tcompsonc0@dion.ne.jp,lluceyc0,qlGsOh
434,mpopec1@woothemes.com,kdaltreyc1,ydCz9ByvJ0bK
435,udousec2@smh.com.au,dgiveenc2,Zim9cHc
436,tduffilc3@wordpress.com,jquaintonc3,McJM9r75Z
437,mjaymec4@twitpic.com,kwildtc4,mgskznw8f0Yq
438,ephairc5@mlb.com,jmartic5,ymxRPGA9
439,mgurgec6@webnode.com,ohadwinc6,d9i6esu4G
440,ctisorc7@amazon.com,igabbyc7,LftC4dmoFp
441,alabittc8@addthis.com,cbrankleyc8,vpiNcylk
442,ncajklerc9@rambler.ru,alangstaffc9,aTT5p672K
443,bsedgmondca@domainmarket.com,smarchingtonca,13o6cGBTWB8j
444,mathelstancb@amazon.co.uk,mcastlecb,Uipi5u
445,amudiecc@webnode.com,kdossitcc,pBzubd
446,bbanbrookcd@hexun.com,adepportcd,XQIM71AF
447,kdoumerce@si.edu,ssoltance,clyO47SFBJ
448,hportchcf@blog.com,rsancroftcf,q6XZ2o
449,poloughnancg@hp.com,bkinavancg,fXxvAQW
450,akeemsch@gov.uk,ljeckellch,s1UCgh33V
451,dslimanci@skype.com,jaloshikinci,BggKwKgR6K2
452,wmcareaveycj@walmart.com,twilcecj,WfCuLOVg
453,rchatanck@shop-pro.jp,lwillougheyck,Kixcka4
454,nattleecl@i2i.jp,dcoxwellcl,ijcQ9SZn1
455,dsaltsbergercm@epa.gov,genriquecm,Xi88y4J2V0a
456,ckenioncn@bluehost.com,jgarzacn,mHwoCfzsZU
457,erayltonco@wisc.edu,jwallsworthco,FAVHMdW
458,smccordcp@deliciousdays.com,dryallcp,vXaFLWf
459,hshingfieldcq@pcworld.com,agwinnettcq,3csdA2EVAE
460,amussingtoncr@abc.net.au,oriccardicr,qOjvZ6PzmVg
461,lhorseycs@bigcartel.com,rdaintycs,j3SYd2a
462,eologhlenct@sitemeter.com,bdutsonct,kwTMvNaoj50
463,bbilbrookcu@washingtonpost.com,dvaleriuscu,LMKaT5m4qB
464,aadraincv@upenn.edu,ftigwellcv,WftiHB
465,alashmorecw@addthis.com,aloveguardcw,IBUwm4G9wo
466,uleinwebercx@walmart.com,tmcfarlandcx,8obLyTK83
467,mrubinchikcy@shutterfly.com,bdundridgecy,AGV6JH0FuH4k
468,mfitzmauricecz@51.la,cchessorcz,qgUSGVpB7vJY
469,cgobeauxd0@wordpress.com,woronand0,VXElOsUDlkp
470,lgerbd1@mashable.com,rmicklemd1,NikEyy
471,dballantined2@dagondesign.com,glepined2,6k91S0JJELL6
472,creeveleyd3@ucoz.ru,rvanbrughd3,YOFNunWhiYwL
473,jscottinid4@irs.gov,lwhaled4,iuBMpP
474,tpettifordd5@purevolume.com,gjevond5,fTrzZUos0
475,dbowesd6@flickr.com,mcargend6,CCArnk
476,mravenhillsd7@feedburner.com,jkaddd7,nWQqW1
477,abedbroughd8@gov.uk,pcrosbied8,sD2yGJ
478,jtomankiewiczd9@globo.com,sechalied9,dlwy2cwov
479,ataylotda@chicagotribune.com,rgrayda,xV6F0QVx2
480,lciardodb@instagram.com,emarnsdb,McwWOg1e
481,mcovendondc@census.gov,slovittdc,eoW2aoRDzWix
482,hdickindd@smugmug.com,bwatmandd,ByYJp5WuRPO
483,jmessinghamde@loc.gov,uprobbingsde,wr3qY3
484,astinsondf@cafepress.com,rmccuddendf,p9hj4lq
485,mparnhamdg@shinystat.com,wriddickdg,ctQljs0R
486,amoinedh@spotify.com,afettersdh,GcRF399
487,gpacedi@joomla.org,rtiddydi,VQ9lFa
488,pmacuradj@reuters.com,kschwanderdj,frdyNo
489,sclaxsondk@webs.com,osorrilldk,uYVWTXJ0D
490,dbrosemandl@myspace.com,rinfantinodl,9xdhsD
491,bkelceydm@symantec.com,rhailsdm,Y4w7wJzUq
492,ajuppedn@gov.uk,dcockertondn,7bxfT0xON2rE
493,iofenerdo@google.ca,asurgendo,jcTtGew8WC
494,bgerydp@deliciousdays.com,bjelldp,hlGhcNoIN
495,mmoulderdq@google.ru,ctwiddelldq,Ej6fuih
496,mellamsdr@gnu.org,rmarpledr,3V5wVqbZNbW
497,bsheriffds@tiny.cc,sditerds,jcTPUduW
498,tmcilorydt@google.pl,bthornthwaitedt,aTrfJlx
499,aalwelldu@freewebs.com,bkordtdu,ADRjU7S9
500,ocubleydv@etsy.com,abroughtondv,Dj95hvk
501,tfreredw@mtv.com,janthoinedw,fZIrjsd6qd
502,vfewlassdx@phoca.cz,epouldendx,c2Df181sIj
503,sbilstondy@ftc.gov,kziehmsdy,bz5mPiY
504,chushdz@uiuc.edu,dstroderdz,jfLAoVqeCfR
505,dwelbelovee0@microsoft.com,jmariele0,QehflX
506,ddisleee1@msu.edu,tfarreye1,F610FE
507,calvye2@webeden.co.uk,dstukingse2,r67Ff25
508,cforoe3@unc.edu,abotlye3,KNR0YEQ
509,eliste4@icio.us,ocottrille4,Y7D8izVEXMKl
510,nbowrye5@scribd.com,ssandelle5,j1ZnkDXCrbjG
511,mtimmonse6@china.com.cn,tshillinglawe6,47YEIAn
512,dchimentie7@bloglovin.com,mmcmurtye7,0ZLc5tc
513,ebentjense8@illinois.edu,pdowe8,GAJjSqY5y6
514,cmarrone9@mac.com,dcaswalle9,qXNoW2d
515,mhutcheonea@naver.com,biacopettiea,QFn6TPN7upWX
516,gsommertoneb@biglobe.ne.jp,rhembryeb,VXbJTZi
517,kbelfrageec@symantec.com,gleftridgeec,zsNHlO
518,gerangyed@paginegialle.it,kcresared,UcyKa9reGTup
519,yofallonee@hugedomains.com,adumpletonee,BeYlNV
520,edelouchef@blog.com,jsorsbyef,Cn081O0yse1
521,kheatleyeg@paginegialle.it,ephizackarleyeg,CjbfC7KGL
522,kcaneroeh@dot.gov,jristeh,VpcZnmnv
523,cbalmaei@gov.uk,bhachardei,Pwl6EZ
524,lrobertzej@mtv.com,rtebbeej,kfWBQdD
525,dsentanceek@prnewswire.com,acharvilleek,xe5lk0
526,mfaughnanel@pcworld.com,ashilburneel,g4bXVjzvJE
527,rcyplerem@google.it,divanovem,A5ty8Lc5r8FD
528,rstormen@plala.or.jp,cgenneyen,2X8bXVoA
529,rmacgoverneo@hostgator.com,sgourdoneo,7osnNv5IDdA
530,sbullep@amazon.co.uk,edahlenep,gij5BLN0TL8
531,glanderseq@google.com.hk,chanrettyeq,Imquo1PUs6Jo
532,jgodsiler@desdev.cn,ccastelyner,xKeGxy7zE
533,fmacleanes@wikimedia.org,lcessfordes,qieYRYTe
534,adrysdellet@infoseek.co.jp,dscamadinet,phPQDkZEDZ7W
535,wvennardeu@lycos.com,rdownageeu,rGgU6ks
536,mcarlettev@umn.edu,wdahlbackev,YtjrmDK6p
537,cpinsentew@behance.net,vtewnionew,wjjdTSLRD
538,namberex@eventbrite.com,dderechterex,aWMjwB40
539,doneilley@sciencedirect.com,deloiey,PpBbHrthFU
540,rlayburnez@about.me,jzarfatiez,XGJSelp
541,gmashf0@webeden.co.uk,varonsf0,aYncw6RTJI
542,dhunsworthf1@howstuffworks.com,nmcrobbf1,mLHnRh21
543,rdelahuntf2@linkedin.com,ktearf2,UvWubtg1t
544,rhyderf3@sohu.com,dseacroftf3,6KN2hrZkv
545,eatcockf4@google.cn,egormanf4,pxAPp6nRME08
546,dbroomef5@odnoklassniki.ru,pcrombief5,u3K7rtUaWI76
547,lfrankisf6@purevolume.com,hcracknellf6,MZqNuhFSBMA
548,pmeinekenf7@google.com.au,awinchurstf7,oyAvNUgZWoU
549,hcondief8@youtu.be,dbrisef8,2Dlqk4yxS
550,kpetrellof9@hatena.ne.jp,gderuelf9,3NXxn0WO
551,pbromefa@mozilla.com,qrizzardifa,UCgZ8t1Pdx6
552,kcarvillfb@amazonaws.com,rsaggsfb,BSF94FcokF2p
553,cvasyukhichevfc@engadget.com,nbachfc,0HCldFxkU0
554,lwippermannfd@thetimes.co.uk,esidebottonfd,fDdWZvkif5G
555,wsmeesfe@ftc.gov,ttummonsfe,hLUvZmfSSPHG
556,amielnikff@tinyurl.com,jpatmanff,RLsdvX8
557,kstorresfg@friendfeed.com,bpopescufg,M9bgzmwz1NzY
558,hgauvainfh@blogtalkradio.com,krixonfh,alkvkLyY
559,ukleinbaumfi@si.edu,hlugtonfi,wNPUsCDeqJ
560,phaggathfj@hud.gov,lblankettfj,oaTJZN
561,rkenwayfk@house.gov,averrillsfk,bVH6amCc
562,agregolettifl@kickstarter.com,dklafffl,35snYV9pb6hO
563,jspreyfm@comsenz.com,abootherstonefm,fGkUV35Te4
564,mkaesmakersfn@behance.net,pmccruddenfn,VdEwvV7
565,kfairfootfo@google.pl,dbladonfo,0GHkucXhWqOl
566,lbeebefp@pagesperso-orange.fr,achedzoyfp,VUq1zqB56Y31
567,rdomesdayfq@cmu.edu,sklosfq,Oduox0W
568,noliphandfr@hp.com,lguitefr,zlSBvlYMixO
569,iwinwoodfs@imageshack.us,hscarsbrookfs,JkeQin
570,icafferyft@constantcontact.com,bcokelyft,WRitHM2b6m
571,ibidmeadfu@themeforest.net,lcollinsonfu,ErMTpqOY6N
572,mbirniefv@usnews.com,sbinnionfv,jWqRVL
573,rkemeryfw@unblog.fr,twaudfw,jSq8L1Vn
574,rnoonfx@patch.com,mmckeeverfx,c3LvL4yF
575,gmakinsonfy@army.mil,jshuxsmithfy,Z5Hdt6o
576,rstucksburyfz@uol.com.br,cfassonfz,851klYQ6
577,misacg0@house.gov,bdaniellog0,6lUTF6
578,cdumphreyg1@unc.edu,bmaccarig1,4r64buYOEie6
579,nnorcrossg2@hubpages.com,rafonsog2,8BVUxh
580,tcoramg3@ucoz.ru,atillmang3,qxCX2xoRn
581,kbodsworthg4@youku.com,nladewigg4,BItdov
582,lheersmag5@google.co.uk,sgolstong5,6h5Do6w
583,cbootlandg6@cam.ac.uk,gbaskettg6,JRaOm3vAYwvQ
584,lglascottg7@yandex.ru,nstainburng7,rfhWdVVd
585,ymoreingg8@ocn.ne.jp,mspiersg8,Utw4lOb1qnt
586,sleroyg9@google.ca,ccadanyg9,ErM0ZUGgRBCn
587,acrushga@businessinsider.com,ccastagnoga,kznNjXPer
588,estaileygb@bluehost.com,minchcombgb,v5ZDsvs
589,jjeremiahgc@youku.com,lpaladinogc,3IFQTD3
590,achilcottegd@ycombinator.com,kdorkinggd,8gkXE67vemV
591,kpregalge@posterous.com,aaudasge,CccBVNAJl3fB
592,fleabeatergf@prlog.org,gsaylegf,zln15uHK8kZk
593,hcholdcroftgg@mashable.com,lseargg,U8RwX4GON
594,afraczkiewiczgh@mozilla.org,djaimezgh,OeT9F7F
595,gmyerscoughgi@accuweather.com,ttullygi,4llXRKiBaidH
596,mbennoughgj@google.es,nburdgj,ffD5zR
597,kshoutegk@prnewswire.com,lfreschinigk,hsvZVMENM
598,eizzardgl@purevolume.com,tashleighgl,VImISH
599,eleelegm@hhs.gov,sengehamgm,Ko8tzIeq
600,glandegn@icq.com,strudgiongn,q7y8KWJ
601,cbrandonego@dyndns.org,gvigargo,PCDapdbK
602,gguyergp@theatlantic.com,stoolingp,Uij5FBD1AX
603,gwhitlawgq@de.vu,zbraznellgq,73FkuFi
604,ctunnicliffgr@comsenz.com,rstillwellgr,f5dgDMdH
605,ccansdellgs@free.fr,amcgloughlings,g7mEvywK
606,ljotchamgt@utexas.edu,rsarginsongt,J5P0zWjqIH
607,cnovellogu@quantcast.com,criccardinigu,hfAeLmN54
608,bcassellagv@51.la,wcamossogv,a9Fwgtn
609,wheninghemgw@unesco.org,erawetgw,iaefKG9
610,bbarszczewskigx@cloudflare.com,gradkegx,FcIGkAMol
611,bfassbindlergy@harvard.edu,bclatworthygy,36IQzlvGrFj
612,cbomegz@symantec.com,dbinyongz,tUjBe1
613,jgallyh0@so-net.ne.jp,gcarlessh0,hbvS5l52kTJv
614,fslessarh1@dell.com,wrounceh1,q09CLMCDV9
615,egissingh2@google.es,ghaggertyh2,atjSg3I
616,omephamh3@ucoz.ru,gdigmanh3,2ACRkRYYunHC
617,wcruzh4@plala.or.jp,pwhittakerh4,zohhGi
618,sfreedh5@woothemes.com,phaytonh5,udZH35O
619,earoninh6@adobe.com,lmacgilfoyleh6,6lQEgUXobZ
620,psauvanh7@earthlink.net,lfrancesh7,3Gg1g42ZSi
621,cdoumerh8@kickstarter.com,tolochanh8,fF6Rdh7gj
622,cogilbyh9@buzzfeed.com,sspringh9,EMHAu1q5JLIJ
623,blintonha@jalbum.net,ifawksha,5zw9CrT0cRrr
624,rdysarthb@admin.ch,mmaddenhb,uWWdITwwLi
625,sclineshc@go.com,tthackstonhc,zcKKUKBmCX
626,tswyndleyhd@devhub.com,hshillinglawhd,XiQcH1
627,mabbeyhe@go.com,ctedridgehe,S4hi3e
628,mlondesboroughhf@apple.com,sbakeshf,sIwIvRW
629,slouedeyhg@nbcnews.com,pvanettihg,7dfRpqvLq
630,bdarracotthh@ihg.com,mhalversenhh,W9o05MIUWJ
631,sgarrhi@ning.com,gwankahi,jRYKxl
632,ifairhj@chronoengine.com,bjenickehj,eZ1Ac1jn5M
633,pgrunwaldhk@parallels.com,adeathehk,kdf48VNkd
634,oolivettahl@squidoo.com,hmullallyhl,lJ7c4M5
635,msimnelhm@goodreads.com,lmatysikhm,4FLLyNAVr9J0
636,rmakinsonhn@baidu.com,jbenziehn,TMyiNkqbwgx
637,tperrenho@paypal.com,rofeenyho,kSxbNnfkRtVv
638,scastanagahp@hexun.com,navesonhp,zYy7XEqsc
639,gdomesdayhq@aboutads.info,moluneyhq,Be2mLi
640,lturbathr@twitpic.com,jsharkeyhr,wvRBb6uFwX
641,rsharplehs@nps.gov,sgrimoldbyhs,RfZ0hpEPlTX
642,lhooksht@spiegel.de,tfairpoolht,unFjxEpgC9YI
643,aianellihu@freewebs.com,pwoodroffhu,0wNhxHF
644,kflaniganhv@rambler.ru,pgreatbachhv,t6PwbwT
645,owillcotthw@slate.com,jvaughnhw,wZNxGV
646,chackinghx@statcounter.com,hdouganhx,BmzpaDo1nWdO
647,lbaldwinhy@cbsnews.com,cbreckenridgehy,0xm8GWn
648,rvalentinhz@eventbrite.com,wkeunehz,2UKorlXbFaDd
649,gohearni0@globo.com,ngazei0,fqiiLa5OEM
650,rgrimsdalei1@t-online.de,cgiraudyi1,PNAfx0
651,lrimouri2@youtube.com,ebroughi2,AVorUs
652,kbraunei3@nasa.gov,bgauntletti3,ZD6nhJ4cPw
653,pmahonyi4@miibeian.gov.cn,blefeuvrei4,0Q3SQd
654,mcantoi5@vistaprint.com,clackeyi5,iMfme98
655,tsmithermani6@umich.edu,wmougini6,V1TGDO2sn
656,saccombei7@europa.eu,fbradwelli7,1bqrqFW
657,gthorowgoodi8@artisteer.com,brockcliffei8,BtMnUwmgoSb
658,kpriddeni9@over-blog.com,fcouragei9,pZFtHFm
659,wbentoia@time.com,hduckittia,T2c9mNcAFxc
660,jvalaib@businesswire.com,pnunnib,pzrkZSSWlECX
661,dabbatiic@devhub.com,lwarrackic,6vb55hA2XuQ
662,rmuneelyid@comcast.net,tbrazierid,8vclkyAqa7f
663,mmacadieie@google.com.au,barbuckelie,55nLzyMJR
664,spervoeif@deliciousdays.com,ewrightsonif,P9iGvRzvkB7S
665,goloughaneig@timesonline.co.uk,amorantig,YIfa54ZMdcQt
666,josborneih@theguardian.com,ndohrih,4kpuuiv1Zs8t
667,jdelcastelloii@taobao.com,astokerii,X7Nbpq8h6
668,crosendallij@ezinearticles.com,uellcockij,qjas3YeLp
669,sspilemanik@blogs.com,ejancarik,iysR0DmF6m6H
670,gdemezail@wikimedia.org,emattackil,6yEIR4nMsA
671,awarderim@facebook.com,ssherrardim,Xb6pRhRt8Vd
672,bdyersonin@npr.org,msackerin,9Q4M3LMiwuL
673,oseifenmacherio@github.io,rwongio,Ya0pug3GOp
674,rgrivoriip@reference.com,ogotmannip,3QggvrS
675,tendacottiq@mit.edu,fashbrookiq,K5iLmxP87xhn
676,ekolushevir@imdb.com,ccallesir,G8UiQY
677,ghollingsbyis@sphinn.com,shayfordis,w4ijrZP
678,kdenajerait@weebly.com,jduleyit,QMnvX23ia0
679,dstranahaniu@moonfruit.com,rquartleyiu,1ZubGUKWUJc
680,tbelliniv@cdc.gov,erosterneiv,d7X4BlWoc4l
681,hploseiw@disqus.com,tcancellarioiw,3NQ8X43DA
682,bquailix@google.nl,cocurriganix,L35HXqnL5e
683,cmuzzilloiy@globo.com,pbensusaniy,kEhNmh
684,tpetraccoiz@hao123.com,taddyiz,dIH7kNalivq
685,aneesamj0@ft.com,amcdonoughj0,W9MKrw8FK
686,dbraderj1@sohu.com,astrippj1,7ZclUev
687,rbidwellj2@ustream.tv,hcritchardj2,kpxnhbfQ
688,flindenj3@webmd.com,gbillingsleyj3,fpb91hE
689,llotwichj4@jigsy.com,hstickelj4,7kETHu3j
690,bmcginneyj5@soundcloud.com,mpenquetj5,yXRdpRi
691,cwanjekj6@shareasale.com,wgilardonej6,pN5lp5Z
692,nwyperj7@ucoz.ru,kironsj7,2vvZMxjvd
693,wpounsettj8@fda.gov,csumptonj8,H3pMbA
694,jsurplicej9@freewebs.com,imaberleyj9,d8kbqV9
695,kcastagneja@sphinn.com,jmeachemja,tcUM4y6mIRMY
696,rpfaffjb@weebly.com,dbromidgejb,mKg92q
697,cdrainjc@admin.ch,cjoulesjc,2BAWsSUY8mQx
698,gmacvicarjd@time.com,llerhinanjd,ZOk4MeLEqvi
699,bcaghanje@ed.gov,usandeverje,1gfWS7fj
700,dkorlatjf@t.co,wgiovanittijf,Zfu1w3tEVWYp
701,vmaierjg@elegantthemes.com,atarrierjg,6kjQfhAFB5
702,rmaudittjh@nature.com,kmenguejh,7AdXrDi8h
703,spickburnji@netvibes.com,rfendlenji,Onf58VMWN
704,ncannjj@blogspot.com,mrhulejj,hIiDvSL
705,lpoluzzijk@sina.com.cn,kmackilpatrickjk,ElWecJm5il
706,bwaplejl@hao123.com,bocodihiejl,AHMpvGF
707,agregolinjm@mashable.com,mpesakjm,qE4tnQbAen
708,vmoxleyjn@sakura.ne.jp,ygrannelljn,muuUPKm
709,kgjerdejo@barnesandnoble.com,acowdenjo,FV0OwG4pJ
710,rthaljp@indiatimes.com,cpinarejp,v5EKFBPwIFU
711,fgasnolljq@nih.gov,yatcockjq,JGvntTB0Vpy9
712,hpaulssonjr@stanford.edu,lsymejr,lmuwLGm
713,cthoresbiejs@rambler.ru,bhollingsheadjs,ozHHrIIPR
714,mpairemanjt@auda.org.au,nmaffionijt,h36Y9KrH
715,kbollonju@github.com,fasplandju,WTJtu209nkB
716,mfanthamjv@photobucket.com,jzorzonijv,7Hdw1ILWRmTm
717,cliteljw@360.cn,tjarviejw,8qd31dtZ58u
718,buwinsjx@merriam-webster.com,sdefilippijx,pcegNJ
719,alivelyjy@4shared.com,jluciusjy,3OmAwG0
720,tferminjz@dyndns.org,ebratleyjz,nX2ohJ
721,htearnyk0@e-recht24.de,olondonk0,AoT48Kh7
722,nphytheank1@aol.com,asweatingk1,HY3U9RVP
723,jsoutark2@usa.gov,echaffek2,pjNGy15G
724,lbrimblek3@bizjournals.com,dbroadfootk3,vtUOdETgQ
725,dvasink4@marriott.com,gsouthousek4,CZzqVrNEOY
726,rjedrzejk5@bizjournals.com,bugonik5,z3c655ObPel
727,fashnessk6@simplemachines.org,fmorforthk6,n6SOQ44
728,fvogeleink7@multiply.com,cgoalbyk7,2MCXndOPWMn
729,danscombek8@yolasite.com,hlookk8,GIPE6823E
730,cagneauk9@aboutads.info,nblockleyk9,bSRKsip6KdCR
731,blowtonka@com.com,lowlnerka,7MIPpWMX52CP
732,mcambridgekb@state.tx.us,dtooheykb,fU90PNN9
733,jcowingkc@free.fr,zturbardkc,GFdz811TzSfC
734,mswaytekd@economist.com,mcollynskd,fKT6dIg9
735,hlevermoreke@narod.ru,bcoultouske,rg1XpTn38
736,rbuntainkf@ameblo.jp,jscousekf,SJdG7W5har3
737,gcrichmerkg@soup.io,kjeandetkg,I11rHWQCI
738,pthurbornkh@blogtalkradio.com,daguirrekh,oQHoCdTl5cvW
739,tadkinki@seattletimes.com,mpinxtonki,CbDSSsde
740,aarnowiczkj@ted.com,vmcelrathkj,zaOAkn3cqB
741,iblakewaykk@furl.net,swaberkk,VGglFkx
742,mletticekl@meetup.com,sharvardkl,MrOW8dY
743,agavagankm@phoca.cz,lpremblekm,bgP2GkpNgtTi
744,izylberdikkn@dell.com,rconingkn,BeTDi8s
745,ejefferysko@nasa.gov,mgleesonko,gNxekwDmt
746,alanghornkp@foxnews.com,pbisleykp,JG8mVfzbJn
747,nkenrightkq@princeton.edu,rmontekq,8TGimc9Zhes
748,kovanesiankr@people.com.cn,rpoleskr,EV4nuwMDwK26
749,ybyrthks@indiegogo.com,acolebyks,szuN4T
750,scardoekt@shareasale.com,njensenkt,doxI9NaGoQ
751,hbrokku@illinois.edu,cleddieku,1khAeVY
752,epeggkv@is.gd,wlesorkv,kZf3zqR
753,bgammonkw@odnoklassniki.ru,nverheijdenkw,ME9ocyC
754,amassenhovekx@hostgator.com,jbramallkx,iAXLKex
755,dblakesleyky@netlog.com,csisslandky,dEi5Zn
756,jduprekz@exblog.jp,dweatherburnkz,uOzlHX3
757,areariel0@baidu.com,jspawtonl0,SH54lI
758,fplakl1@oaic.gov.au,bmeritl1,CNKiN1CChB
759,divankovicl2@amazon.de,gruberryl2,csF2OEY
760,maylwinl3@shop-pro.jp,mgallifordl3,Ae572K
761,maugustinel4@webs.com,wparmleyl4,3iGtUtUn
762,eciscol5@joomla.org,hharphaml5,MpsWQJ2N2
763,csteningl6@unc.edu,lannandalel6,5XnMql68E
764,rnibloel7@huffingtonpost.com,mfowlstonl7,IkcZQtKB
765,oserridgel8@360.cn,jreveyl8,TEX2CiL
766,jcheccil9@japanpost.jp,vdooreyl9,ERUfb1Ys6Cf
767,belcela@go.com,gsterlingla,MXYyvq
768,tsporlelb@sina.com.cn,rsinelb,h0FJSlUiH
769,mkeeplc@people.com.cn,aegdallc,zJRYocVPR9g
770,hbrunold@zimbio.com,mcoggillld,4Vcp60xC
771,lgreslyle@youtube.com,nstenerle,aah1Cs
772,wscollanlf@europa.eu,dsharpouslf,U9jmf8xF2a4c
773,hskallslg@umich.edu,gkuhnkelg,HSI6UX
774,hoakenfordlh@umich.edu,mnuttlh,SHmVR7lzc
775,llittledykeli@eepurl.com,bpoyserli,dLhuzkYU
776,rsladerlj@amazon.com,zsapenalj,nPpdcVSbl
777,ldevallk@amazon.de,amenichinilk,DGRF4vRzs9l
778,mreinall@wordpress.org,sfulunll,o3iPpuB
779,pleylm@slate.com,mmowatlm,ueDOhO1xU
780,foxterbyln@usgs.gov,awitteyln,egMXZDyVEN5E
781,ringreelo@123-reg.co.uk,rokennedylo,9Fd46R3AQYou
782,mmicheulp@admin.ch,cmatfinlp,MKKyNFfzUlh4
783,lbutsonlq@nsw.gov.au,tramoslq,JpPHRh4
784,fgarmlr@instagram.com,rnathonlr,iSKhmtC
785,ibaggls@google.co.jp,myakubovls,PChzlq5wt
786,nbecceralt@washington.edu,scabellt,BuvTfathZhqG
787,jmcgeechanlu@reuters.com,dkinchlealu,Rt4nnIARV
788,rcaineslv@e-recht24.de,lscimonellilv,c5yHUkVO2
789,skelbermanlw@globo.com,dcarslakelw,AvBOpwAucq
790,dwewelllx@booking.com,wpittwoodlx,TfgZn0SnaPNS
791,jchattoely@latimes.com,fprisely,5LKW9akwv8X4
792,cmonteauxlz@arstechnica.com,nmolelz,eEys9UG0h
793,wchampneysm0@java.com,jlillom0,vUP0LJ
794,iemtagem1@biblegateway.com,jmallingm1,eJTmR4V
795,trosenshinem2@paypal.com,abulgenm2,6zY8Ml
796,cvauterm3@i2i.jp,zwyem3,neQnXI6orI
797,bbelliem4@sciencedirect.com,egooddym4,sED7fH
798,ibeldhamm5@people.com.cn,ablaxterm5,CtRgj926R
799,lmcclaym6@auda.org.au,cscoblem6,SDtAZN
800,nstorahm7@amazon.co.uk,dpartrickm7,A3CbhVUMoNTU
801,egammetm8@cnet.com,taubrym8,eoxDWey6uohk
802,lhurworthm9@ycombinator.com,lshakspearem9,drbarNS7
803,hdobrovskyma@google.ru,pkemshellma,Y0qvmji
804,osammonmb@godaddy.com,amccaughenmb,lfYqEdUXN
805,ihedditchmc@hubpages.com,hstruttmanmc,O6sySauk44
806,mmattusevichmd@hubpages.com,rbadrickmd,yiLTS1MAq0q
807,jparsonsonme@furl.net,khardmanme,OxbGxwVBozir
808,cmuirdenmf@reverbnation.com,mleesemf,OlYU0jyW
809,erubinfajnmg@smugmug.com,vsillsmg,4uqifOr
810,dmacterlaghmh@amazon.co.jp,byukhninmh,KcNUwdRU3o
811,hshakeladymi@amazon.co.jp,cchittiemi,N0s80lss
812,gmaccarrollmj@rakuten.co.jp,ngaitonemj,goHIvKuz
813,hziemensmk@sogou.com,rbeckenmk,50JbzKgk4QU
814,tsandwickml@devhub.com,cverduinml,7uiYxRmAyZH5
815,kbourcqmm@wix.com,colivamm,C0Z2ZPf
816,obartellimn@bandcamp.com,asennermn,KYpu4rk1Uxv
817,lpadmoremo@photobucket.com,bmynettmo,BqE5FW0
818,lcraytonmp@globo.com,pgrebbinmp,6akDZKuRM
819,jcalendarmq@mlb.com,kreublemq,5d4tjU64cVRp
820,hsurcombemr@discuz.net,kclohiseymr,OcXFkHj
821,hcolcombms@theatlantic.com,jphilbrickms,A1zPCvylsCl
822,cchildsmt@google.com,gstreetenmt,Iuod1cbO5x
823,cstaddartmu@about.me,pdillowmu,wowkBEo2E4
824,cmunghammv@about.me,gtenneymv,3mhAY9wbfi
825,ebeltonmw@independent.co.uk,wgowdridgemw,TfsXDVHO
826,gkiebesmx@plala.or.jp,rdutteridgemx,ELlX2Ow
827,lmarionmy@yelp.com,ksymesmy,A2y8oP
828,faplinmz@goo.ne.jp,mkylesmz,y57rmIaq
829,egiacaponin0@wikispaces.com,egassn0,MrcvQf
830,nparken1@t-online.de,vplanen1,ZOZfyPYGG
831,schapleon2@ucoz.ru,lsouthwardn2,kPmjKT1
832,lsimeonovn3@biblegateway.com,ntellenbrokn3,uyARK9xexAOn
833,mpetrushkevichn4@yellowpages.com,ddowern4,zqhzVitFM
834,vhannamn5@ebay.com,gtomkiesn5,kjFUUSKCoYJo
835,rsandercroftn6@marriott.com,helamn6,Xjah0WV
836,npestelln7@aboutads.info,tgunningn7,G9ZpAbHK2PEd
837,asparshettn8@godaddy.com,hjainen8,jV38y57h
838,rcrockattn9@acquirethisname.com,mhawkwoodn9,NN82Fm
839,crowsonna@trellian.com,kkeyzmanna,XmPBNupi53
840,tmatzkaitisnb@addthis.com,tsilmannb,VivtBVx6
841,kcreamnc@chicagotribune.com,nwrightemnc,n83oC80Q
842,ikleinberernd@earthlink.net,wcaldernd,p6I3OPofpp6H
843,srapene@nyu.edu,anultyne,X4vAE1CsRhm
844,kganternf@usnews.com,sbesemernf,boo2EuBi
845,ehugeninng@mayoclinic.com,clipsettng,CJQgeIdYWs
846,tbassomnh@dyndns.org,zmcgrawnh,hGN0BcA5
847,hbraniffni@google.com.br,twilsteadni,M2e9AZng
848,rsalannj@wikimedia.org,rnorthleynj,NlQfHnM6VN
849,cskamalnk@springer.com,nrenyardnk,RYjKIJpUsUf
850,mdallanl@statcounter.com,tshawyersnl,HRWRmW
851,nhollingsbynm@scientificamerican.com,jnaglenm,HSQtiE7x
852,djosovichnn@blogtalkradio.com,jemmernn,eAqfch9ngyn
853,lvanyatinno@wikia.com,ehubandno,bJWyCN
854,ckellynp@state.gov,gpietruszkanp,llz9dmiuPqW
855,hmccorkellnq@zimbio.com,dbarnetnq,vtMpAS
856,bcrushnr@nasa.gov,nbrewettnr,QDIwyJTM16N
857,abambns@canalblog.com,pkerblerns,kHCtai3tqY2y
858,rblomfieldnt@netvibes.com,kkleinhandlernt,25hb470
859,tswinfordnu@hhs.gov,omcguigannu,9nyT0O9uo2
860,ckellewaynv@wufoo.com,nchampnv,adI6uD
861,rdonnellnw@seattletimes.com,arochesternw,Z8SsVKBD7V
862,ohesselnx@theglobeandmail.com,bosmintnx,WgXqkL032h
863,aclevelyny@360.cn,twinwardny,xeB4NcsMql
864,mdittsonnz@un.org,cleflemingnz,fi5BOB1g
865,bdykeo0@springer.com,csproulso0,gzdjRaFqtFTc
866,bastupenaso1@exblog.jp,amccullocko1,laVxKkSn
867,ddickenso2@senate.gov,dorretto2,fXi68Vz
868,dokennedyo3@dion.ne.jp,acrichleyo3,vJFX8Hg70G
869,cmcilvaneyo4@ft.com,ksandyo4,JmDE0FIv
870,hpellewo5@phpbb.com,jhylandso5,xou13EToNu
871,nmycrofto6@abc.net.au,dburgwyno6,C16kWjGjKEBc
872,dhacono7@wisc.edu,bgonneauo7,L8gNvn2KE8Qh
873,lthickingo8@seesaa.net,cnajerao8,JKiOpmPWMYj3
874,jyeardleyo9@drupal.org,dbowllero9,zpXBhq
875,tbranchettoa@chron.com,nwhitehurstoa,6NZhDJRrTy9
876,mklemencicob@reference.com,afritchlyob,GzuirvQ
877,awaumsleyoc@blogs.com,edodgshonoc,Y1r58GXLtq
878,htrumanod@nymag.com,lgilmoreod,DarLg11
879,agoodisonoe@google.ca,cgammetoe,SaB8m3SHhv
880,afeildof@nature.com,caleksashinof,WTq6iSx5ubxY
881,bcunningtonog@hostgator.com,salleynog,H5zqRfADV5j
882,rtomleyoh@ted.com,mmcgebenayoh,Jh0fd5oT
883,imatysikoi@nsw.gov.au,dmccollumoi,kdqqc3KYe
884,jpatemoreoj@wordpress.org,pdeackesoj,dpmpV69XI
885,rworlandok@irs.gov,dfostonok,4dCsXLot0
886,mdeeneyol@java.com,khanabyol,cbqfxuLVBy4d
887,kgeggom@hao123.com,mfenimoreom,xP1jrXWoU8iD
888,cmarjanskion@howstuffworks.com,nsalvatoreon,olzQYMuj2
889,edarnboroughoo@samsung.com,tgilfoyoo,2XnAMRe
890,fjarradop@ucla.edu,gifeop,bpj1kuP
891,chyettoq@redcross.org,bbertloq,TFtidS
892,fsentanceor@sohu.com,bdyteror,tqKi7c
893,dblouetos@about.com,sbenezos,ilhtQL
894,tskuseot@answers.com,hlindstromot,suDB1dh
895,zworssamou@1und1.de,abullenou,eVz6V1i
896,fsandysov@nymag.com,pvaneedenov,Z362NTlHDGM3
897,redmandsow@businesswire.com,preneow,Hy4Rt70wyr
898,rbeerntox@blinklist.com,bguilletox,pgZEU2w
899,tyakolevoy@usatoday.com,rbreakspearoy,pXF8TSi3x
900,bcrowtheroz@com.com,fmccarlieoz,WNnPjUFbk
901,gpaulssonp0@mac.com,mritchardp0,VhPzQ8yYNmZG
902,fshepherdp1@symantec.com,ggehringp1,5VY1UjNQ
903,gvearp2@drupal.org,fgowersp2,0NsgoalaPyQ
904,kcawtherayp3@cafepress.com,mvillap3,rmasyjS
905,tshoardp4@so-net.ne.jp,gmerritonp4,hktFU7jEgMzg
906,ftirkinp5@flavors.me,mmuttockp5,2M2h4jULYA
907,bmabbep6@unblog.fr,bfutterp6,5t3GXkD9CF6
908,bcaldwellp7@businesswire.com,nquaylep7,xY04M3SA
909,temsliep8@google.it,rlimpertzp8,5oGTpGfvy
910,cgerckenp9@reuters.com,ptregonnap9,hnlJWUm7
911,gleithharveypa@tumblr.com,pharomepa,BPA14JH
912,snuzzipb@techcrunch.com,dwarlandpb,oHmPGbm1Ja
913,ayouhillpc@geocities.jp,etaguepc,OlO9J5tq
914,tmacclintonpd@pinterest.com,msexstonepd,NcVmwMgJat
915,msimmanspe@ucoz.com,lcrosserpe,jGJYih6C
916,nbirtspf@dell.com,aismailpf,VcJYcsOt
917,aoxburghpg@mapy.cz,msantipg,Zs6aNV34B0Rs
918,dbratchph@ycombinator.com,fhillingph,MTzpPmp94rF
919,skenfordpi@ft.com,bbyfordpi,iOUP2A
920,fwintourpj@usnews.com,lkralepj,c2CklE
921,aedsellpk@deliciousdays.com,cpetfordpk,pRHTlc29N
922,hpenkethpl@home.pl,cspinkspl,a1CYvi8gJ9y
923,akleimtpm@seattletimes.com,lzanuttipm,kCE2dt
924,pjanewaypn@mozilla.org,mabbisspn,Ra8VtlbD
925,pspareypo@youtube.com,afishendenpo,fqOdpRoT
926,gpiatkowpp@ted.com,skemshellpp,gDsbz8Y7X
927,ehuskissonpq@biblegateway.com,crobrosepq,oAfTr5TqkjvH
928,ncogzellpr@ox.ac.uk,dfranzelinipr,QRtIcquhAkz
929,cslotps@thetimes.co.uk,cneyps,55KnGXbKhGfl
930,dbenezept@ox.ac.uk,bdeggpt,9BjDClWsu
931,bcodpu@360.cn,jprawlepu,nyjeQeldhhG
932,olindholmpv@phpbb.com,rjaukovicpv,oACsDSKYbM
933,kbattlepw@patch.com,cmaryottpw,lNViX6w
934,mclayepx@drupal.org,fmaskewpx,RZdOfZInw
935,lgrossierpy@miibeian.gov.cn,bfootittpy,92BlzrLJ2Pa6
936,hguppeypz@nps.gov,ibownasspz,tpGsyvCyAmF
937,tclubleyq0@quantcast.com,mlidellq0,T6WePlOC
938,wreinmarq1@simplemachines.org,hmcfaulq1,xh58HwRSW
939,rmcquirkq2@wp.com,urutherforthq2,d7TSIMn5MS
940,rduleyq3@fda.gov,sstewartq3,0Zshgm6liV
941,cgrimsditchq4@mlb.com,achritchleyq4,QxhnPCaRqAN
942,aprandiniq5@hostgator.com,mtytheq5,lSjlvlY
943,kcominoq6@jigsy.com,sdawksq6,s276lC
944,nwappleq7@google.pl,ajarayq7,ViofNLEn7le
945,eseedmanq8@addthis.com,arylanceq8,dCJPt1a
946,khazellq9@sbwire.com,bripponq9,dm2z9MUjm
947,pedelheidqa@people.com.cn,bpardonqa,kbbepM78de
948,kwellsteadqb@ihg.com,kcharleqb,ff9zLiZdPe
949,merdelyqc@yahoo.com,mfeatleyqc,RuXj634mHW
950,smcettrickqd@yellowbook.com,achalliceqd,pTiSA1wu4vL
951,browlandqe@constantcontact.com,gmcelmurrayqe,AlpJEYn
952,owaringqf@weibo.com,sfilonqf,IeAvqO
953,xdowsettqg@surveymonkey.com,askingleqg,kHOnLnIRJHU
954,hperesqh@census.gov,jcanferqh,2PZakQUoa
955,mpassieqi@nhs.uk,dserginsonqi,HBq7ou
956,epierseqj@toplist.cz,mubsdaleqj,EovK6gZI
957,mfrancomqk@usda.gov,feppleqk,mXBsGQtNgTei
958,nbirkmyreql@jalbum.net,beglingtonql,dO7fpz
959,cschusterqm@friendfeed.com,rnassieqm,3TbCeY
960,scurrieqn@surveymonkey.com,kgirauldqn,FjGivS2
961,fengelbrechtqo@dell.com,tcapesqo,AEDL1PVn
962,rwilloughwayqp@hatena.ne.jp,hgoracciqp,3Wilvec
963,scostallqq@japanpost.jp,kstolzqq,mMdOtC
964,gprantoniqr@acquirethisname.com,rbeakqr,K6ACQnS
965,mbardayqs@arizona.edu,amilsteadqs,X0cLzxg6I
966,jducarneqt@salon.com,cburtonwoodqt,xv4lJLdjbZ
967,dhookesqu@ibm.com,rcorkingqu,A53dCEYo3
968,dtubblesqv@wordpress.com,gfosbraeyqv,MVipZd6RG
969,bphilippqw@sphinn.com,dmalbyqw,SjpAZPfzY6
970,mbrockleyqx@examiner.com,jdesforgesqx,lKC6TQiC6
971,fhalsonqy@guardian.co.uk,ksummerbellqy,w0SQxbHA
972,gtriggelqz@mapquest.com,btabererqz,snv3WNYf84
973,rmccurleyr0@indiegogo.com,odollardr0,LhBSlocxb
974,shalfhider1@ustream.tv,jtrudgeonr1,raPjCY4M
975,tflanneryr2@hc360.com,ciglesiar2,3A8iI5YZ
976,lingerfieldr3@census.gov,mmcfarlanr3,U8g0ygqOaC0Z
977,bcritchardr4@smugmug.com,dpetcheyr4,xqS2OU7AX7E
978,rmacclayr5@biblegateway.com,abrandinor5,s55rH9Cvfi
979,kfurzeyr6@behance.net,jbridgenr6,KpLVY3M31w
980,jstopsr7@abc.net.au,eritterr7,5mEP9mwV3LQ
981,gyerringtonr8@theatlantic.com,cgallichanr8,OmXKEGfV
982,spoonr9@virginia.edu,mstangoer9,IT8KfLB35nf3
983,imckinlayra@hibu.com,wsimmankra,iDrA6FRPTLI6
984,mjasperrb@hexun.com,kdesaveryrb,lcciM1OS
985,hblaberrc@apple.com,rnizetrc,FapVF84Fi8d0
986,bloffillrd@nhs.uk,mquinellrd,BbbVI57vhJWs
987,rrametre@java.com,oloughrenre,3ki5fGI5ctB
988,sciccarellorf@cnn.com,kfriesrf,JFta2o033iA
989,ecuthbertsonrg@tmall.com,tmcneillrg,4ssBS2qc3
990,penokssonrh@auda.org.au,kblythrh,5KVIDE
991,gjurczakri@nsw.gov.au,lmabbri,HJTjF21XXJVG
992,sgettensrj@amazon.co.uk,jflanniganrj,kBnrWsd
993,dgardenrk@bravesites.com,lpeckrk,Czo3GE1
994,lmcclementsrl@businessinsider.com,niverl,wp4yJh
995,nedlestonerm@delicious.com,flochheadrm,k8ocs4ocm
996,ocalafatorn@people.com.cn,slafayern,Sja8JWnHmpn
997,tslaineyro@altervista.org,jcantuaro,x0YvT4
998,lbrinkleyrp@liveinternet.ru,rknibleyrp,5rQEtOlXg1
999,nduranterq@youku.com,walveyrq,yYcf1n4
1000,fivakhnorr@homestead.com,nbrinsfordrr,oSDABpG1Zk4
